columnas,tipos
ent,int64
par,int64
pea,int64
cuadrantes,int64
folioviv,int64
foliohog,int64
numren,int64
est_dis,uint16
upm,uint16
factor,uint16
tam_loc,uint8
rururb,uint8
ubica_geo,uint16
edad,int64
sexo,uint8
parentesco,uint16
ic_rezedu,uint8
a_nacim,int64
ed_inas,uint8
ed_niv,uint8
ic_salud_s,uint8
ic_segsoc,uint8
salud_s_dir,uint8
ss_dir,uint8
salud_s,uint8
ss_jef,uint8
ss_cony,uint8
ss_hijo,uint8
jub,uint8
pam,uint8
ing_pam,float64
icv,uint8
icv_pisos,uint8
icv_muros,uint8
icv_techos,uint8
icv_hac,uint8
icsb,uint8
icsb_agua,uint8
icsb_dren,uint8
icsb_luz,uint8
icsb_comb,uint8
ic_ali_nc,uint8
p_menor,uint8
ia_adulto,uint8
ia_menor,uint8
ali_ins,uint8
ic_ali,uint8
ali_lim,uint8
ali_dieta,uint8
pobreza_e_l_ing,uint8
pobreza_l_ing,uint8
pobreza,uint8
pobreza_e,uint8
pobreza_m,uint8
vul_ic,uint8
vul_ing,uint8
no_pob_vul,uint8
priv,uint8
ic_1,uint8
ic_3,uint8
pobreza_prof,uint8
pobreza_e_prof,uint8
priv_prof,uint8
int_pob,float64
int_pob_e,float64
int_vul_ic,float64
int_ic,float64
tamhogesc,float64
ing_t_pc,float64
ing_t,float64
ing_mon,float64
ing_lab,float64
ing_ren,float64
ing_tra,float64
ing_nomon,float64
ing_pago_esp,float64
ing_reg_esp,float64
hli,uint8
discap,uint8
ent_1,uint8
ent_2,uint8
ent_3,uint8
ent_4,uint8
ent_5,uint8
ent_6,uint8
ent_7,uint8
ent_8,uint8
ent_9,uint8
ent_10,uint8
ent_11,uint8
ent_12,uint8
ent_13,uint8
ent_14,uint8
ent_15,uint8
ent_16,uint8
ent_17,uint8
ent_18,uint8
ent_19,uint8
ent_20,uint8
ent_21,uint8
ent_22,uint8
ent_23,uint8
ent_24,uint8
ent_25,uint8
ent_26,uint8
ent_27,uint8
ent_28,uint8
ent_29,uint8
ent_30,uint8
ent_31,uint8
ent_32,uint8
par_1,uint8
par_2,uint8
par_3,uint8
par_4,uint8
par_5,uint8
par_6,uint8
pea_0,uint8
pea_1,uint8
pea_2,uint8
cuadrantes_1,uint8
cuadrantes_2,uint8
cuadrantes_3,uint8
cuadrantes_4,uint8
