columnas,tipos
folioviv,int64
foliohog,int64
numren,int64
est_dis,category
upm,category
factor,category
tam_loc,int64
rururb,category
ent,category
ubica_geo,category
edad,int64
sexo,category
parentesco,category
ic_rezedu,category
a_nacim,int64
ed_inas,category
ed_niv,float64
ic_salud_s,category
ic_segsoc,category
salud_s_dir,category
ss_dir,category
salud_s,category
par,category
ss_jef,category
ss_cony,category
ss_hijo,category
pea,category
jub,category
pam,category
ing_pam,float64
icv,category
icv_pisos,category
icv_muros,category
icv_techos,category
icv_hac,category
icsb,category
icsb_agua,category
icsb_dren,category
icsb_luz,category
icsb_comb,category
ic_ali_nc,category
p_menor,category
ia_adulto,category
ia_menor,category
ali_ins,category
ic_ali,category
ali_lim,category
ali_dieta,category
pobreza_e_l_ing,category
pobreza_l_ing,category
pobreza,category
pobreza_e,category
pobreza_m,category
vul_ic,float64
vul_ing,float64
no_pob_vul,float64
priv,category
ic_1,category
ic_3,category
cuadrantes,category
pobreza_prof,category
pobreza_e_prof,category
priv_prof,category
int_pob,float64
int_pob_e,float64
int_vul_ic,float64
int_ic,float64
tamhogesc,float64
ing_t_pc,float64
ing_t,float64
ing_mon,float64
ing_lab,float64
ing_ren,float64
ing_tra,float64
ing_nomon,float64
ing_pago_esp,float64
ing_reg_esp,float64
hli,category
discap,category
